id;name;inspection_target;evaluation_level_id;status;created_at;updated_at;update_by
1;practice;opposite absent ruddy;24754;upward;2025-01-23T22:15:36;2025-01-24T00:38:34;meanwhile
2;put carefree formulate;candy;26617;midst;2025-01-23T08:56:20;2025-01-23T09:43:00;er who pfft
3;incidentally hm;before precious;25044;powerfully parka conjugate;2025-01-23T16:10:48;2025-01-23T07:51:26;individual
4;embargo next gee;upbeat cutlet;31521;dearly recklessly sheepishly;2025-01-23T14:06:28;2025-01-23T09:47:47;cleaner treasured behind
5;toward accent plot;portfolio;17817;hm capital;2025-01-23T04:11:11;2025-01-23T07:42:47;founder overlooked
6;providence;daintily utterly;25;cement demur;2025-01-23T08:42:23;2025-01-23T17:42:00;once meh when
7;luminous;roughly brr gadzooks;15669;plunder toothpick require;2025-01-23T17:25:03;2025-01-23T15:48:14;pish
8;regroup whenever;as;32201;busily notoriety;2025-01-23T09:24:58;2025-01-23T06:11:33;blah ugh slash
9;ah equally;skirt of;6728;contrail;2025-01-23T23:32:59;2025-01-23T21:36:18;disorient grill by
10;itchy;where youthful;25951;towards gah around;2025-01-24T02:22:22;2025-01-23T12:39:54;beach chandelier
