id;name;status;created_at;updated_at;update_by
1;er;yum;2025-01-23T09:23:23;2025-01-23T21:43:01;aid toward
2;valiantly liven fast;shakily;2025-01-23T18:08:08;2025-01-23T10:29:48;open relative er
3;briefly brr;considering dredger;2025-01-23T06:52:40;2025-01-24T01:48:44;eyelash round reconnect
4;mill;whenever gee;2025-01-23T19:12:15;2025-01-23T06:21:11;since
5;amid until;deplore;2025-01-23T18:29:49;2025-01-24T01:41:10;thrifty mountainous
6;tidy whereas before;gee since backburn;2025-01-23T19:37:31;2025-01-24T03:55:07;tuna gape yet
7;hairy;queasy via;2025-01-23T19:09:50;2025-01-23T21:45:16;lively regarding aside
8;ah;perturb;2025-01-24T01:31:57;2025-01-24T02:06:22;brr blah before
9;qualified legging;busily until;2025-01-23T10:37:48;2025-01-23T04:14:04;wisely grotesque
10;amongst airdrop fairly;uncork over;2025-01-23T20:26:38;2025-01-23T13:23:33;oof reshuffle
