id;name;user_group_id;created_at;updated_at;status;update_by
1;zowie;23942;2025-01-23T15:44:48;2025-01-23T22:50:32;frenetically though;audit
2;opposite mmm resort;24771;2025-01-23T21:55:06;2025-01-23T05:06:13;whereas from plasticise;incidentally honk via
3;reprocess;16413;2025-01-23T07:10:57;2025-01-23T08:46:26;knee;jovially gamble wholly
4;wiggly;25879;2025-01-24T01:45:05;2025-01-23T17:35:03;gee trim;partition
5;antedate natural forenenst;4072;2025-01-23T19:27:24;2025-01-23T23:37:42;icy;shyly psst trounce
6;uselessly;29904;2025-01-23T22:42:03;2025-01-23T17:24:34;broadcast ha tart;personality
7;yippee whether manoeuvre;8388;2025-01-23T18:00:10;2025-01-23T17:06:14;assurance or discrete;sustain
8;duh;12367;2025-01-23T17:13:33;2025-01-24T01:21:20;fire hm;ugh oof awaken
9;little harvest quarterly;8168;2025-01-23T14:38:40;2025-01-24T00:50:47;accidentally or mmm;crossly anenst excluding
10;iceberg trickle demilitarize;3061;2025-01-23T21:49:03;2025-01-23T11:42:22;brr after that;inasmuch
