id;name;field_name;source_id;created_at;updated_at;create_by
1;lone gee onto;charity adorable when;26709;2025-02-25T07:59:17;2025-02-25T02:15:05;nor hm
2;enraged kite warmly;happy-go-lucky atop by;2668;2025-02-25T02:02:19;2025-02-24T20:25:19;gambol kiss
3;psst;than disorientate powerfully;1668;2025-02-25T00:45:29;2025-02-24T23:19:38;phooey during
4;gadzooks whenever scout;bare immense;11801;2025-02-24T19:55:19;2025-02-25T05:19:25;joyously shakily section
5;although yowza;except;29911;2025-02-25T02:57:30;2025-02-24T18:33:31;phooey wiggly fervently
6;swift naive compliment;parse;15104;2025-02-25T09:30:42;2025-02-24T14:40:16;farrow um
7;instantly confused;beam;27430;2025-02-24T22:09:44;2025-02-25T00:22:06;violently ferociously
8;avocado belt;phew lowball whenever;16151;2025-02-24T19:31:11;2025-02-24T15:05:09;organic
9;chop friendly;brr tarragon;15470;2025-02-25T02:36:32;2025-02-24T16:01:24;incidentally
10;gadzooks reassuringly crushing;gee near before;22983;2025-02-25T01:33:47;2025-02-24T21:17:07;likewise range underneath
