id;name;created_at;updated_at;status;update_by
1;sequel besides;2025-01-23T11:36:57;2025-01-23T23:37:23;cake;anenst
2;quizzically;2025-01-23T16:43:01;2025-01-23T11:24:22;amongst colorfully;beautifully provided snail
3;specific gosh smoothly;2025-01-23T13:37:25;2025-01-23T14:02:15;calmly beside;ha perfectly
4;gosh;2025-01-23T06:02:32;2025-01-24T03:06:40;phew walk;into
5;icy because rhyme;2025-01-23T11:53:19;2025-01-23T12:45:59;point;towards old-fashioned
6;glass as after;2025-01-23T19:48:52;2025-01-24T03:23:15;of drat;forsaken
7;ugh lour bubble;2025-01-23T16:13:27;2025-01-23T14:31:35;so;indeed
8;shyly;2025-01-23T05:50:14;2025-01-23T19:23:47;overjoyed;indeed out melt
9;till instruct;2025-01-23T06:10:55;2025-01-23T19:21:32;novel about;skinny dupe through
10;powerfully below toward;2025-01-23T10:43:53;2025-01-23T06:31:51;ferociously sentence though;aw alongside on
