id;name_title;source;field;data_type;time_create;time_update;sample_report_id
1;ha;incomplete;unwelcome;below;2025-01-23T18:17:22;2025-01-23T08:53:51;8068
2;atrophy provided this;probable;bleakly;deprecate what;2025-01-23T06:33:24;2025-01-23T09:30:21;13918
3;vastly flood;seriously;abaft huzzah sturdy;hm gasket polyester;2025-01-23T18:33:03;2025-01-24T02:31:30;10579
4;correspondence;loom hostess gadzooks;censure complicated aboard;ew;2025-01-23T17:50:45;2025-01-23T09:55:22;4133
5;protect;fortress urgently;menacing skinny playfully;freak that decent;2025-01-23T21:06:59;2025-01-23T17:06:42;15246
6;about;ick which;coverall;ah for though;2025-01-23T08:48:52;2025-01-23T07:33:58;11984
7;creepy mistake;curiously oh basis;offshore after mutton;edge;2025-01-23T13:54:14;2025-01-23T15:17:50;18756
8;viciously brilliant;alarmed;reveal thesis;salt dumbfound;2025-01-23T23:12:36;2025-01-24T01:29:05;1564
9;diver;if questioningly ick;nicely;versus;2025-01-23T11:07:55;2025-01-23T15:44:04;7979
10;favorable;ah;brr so whereas;lure;2025-01-23T17:57:11;2025-01-23T10:18:26;31614
