id;code;name;subject_of_assetment_plan;frequency;time_start;time_end;status_plan;test_object;report_type_id;report_type_name;number_of_check;implementer;paticipant;checker_group;checker_name;checker_group_id;checker_id;gross;time_check;name_result;script_id;create_by;status;created_at;updated_at;update_by
1;highly but;repeatedly qua;embalm;once gladly;2025-01-23T04:50:27;2025-01-23T07:05:44;uh-huh bare;sizzling besides;14575;abaft;branch or;loudly vivid huzzah;hence;quarrelsome wide;gracefully creative;19057;10496;mycoplasma;mechanism unaccountably;austere award;9056;since kindly;yahoo yowza;2025-01-23T17:12:24;2025-01-23T05:11:45;knottily
2;ah;outside;about hm;whimper after;2025-01-24T02:51:32;2025-01-24T03:36:42;bronchitis upon;alongside;23019;plastic;utterly furthermore joyfully;correspondence helpfully from;feisty;busily absent;what;26751;10304;house lyocell;ha;fervently;8199;vital;smart;2025-01-23T16:27:35;2025-01-24T02:11:40;overconfidently
3;and pfft cathedral;boohoo amongst searchingly;swear fearless frank;revolt inside;2025-01-23T04:35:08;2025-01-23T13:18:28;gifted;um always;28471;pitch;eek aw;if above suet;politely concerning;naughty outside even;cummerbund affectionate coordinated;1259;27672;baker frightening;defiant;immortalize gosh fast;15059;willfully attenuate ouch;among yippee passion;2025-01-23T13:47:39;2025-01-23T11:35:45;reappear astride streamline
4;given lest whoever;under tongue vice;philanthropy instead until;belt the;2025-01-23T22:23:44;2025-01-24T00:52:06;volume tranquilize hew;criminal;19972;mister;meaningfully fraction;obnoxiously drill;gosh;out artichoke;ew;27993;7060;excepting overtrain;anterior in;probable athwart woot;20367;present elegantly enraged;regular whether dry;2025-01-23T21:37:44;2025-01-23T16:14:43;each monotheism sneakers
5;ugh clavier everybody;huzzah;scholarly to;subcomponent handsome whenever;2025-01-23T14:11:50;2025-01-24T00:41:20;awkwardly about;decant;1010;deafening beneath gleefully;an simple a;sweat;despair;whereas safe incense;tense aha yet;2751;13476;chassis;salute unethically tiny;which;16395;octet poorly;restate;2025-01-24T01:23:56;2025-01-24T02:57:50;yippee the
6;frantically awaken;of;buggy;unpleasant;2025-01-23T08:36:58;2025-01-23T21:59:50;whereas freely;alarming;8057;considering seaplane;once opposite stew;till;mixed notwithstanding;wall vicious even;an if;31397;30211;quickly hmph;phew;sleepily upward;25700;uh-huh;gee;2025-01-24T01:44:22;2025-01-23T21:26:45;eek
7;angrily er;woot fluster ugh;rawhide drat;noted starchy;2025-01-23T04:36:14;2025-01-23T13:22:33;wilted up;whenever promptly;29929;extort daintily amidst;threadbare enthusiastically;unwilling;eek an divider;so sometimes fooey;anorak flashy;20350;24647;brief why;truthfully grand joyfully;reassuringly ha;39;crossly profession than;aw;2025-01-23T11:19:21;2025-01-23T22:08:29;more
8;ultimately wonderfully;why;but elegantly condescend;given past psst;2025-01-24T02:36:38;2025-01-23T22:04:50;disguise sad;voluntarily nor conventional;27414;an able;blah;obediently anenst;or salesman;lightly runway;likewise;4147;16586;into but stick;whoa yesterday;bah into;26798;even arid whose;after;2025-01-23T10:39:25;2025-01-24T01:29:48;wear
9;gratefully psst;quietly;dazzling homogenate;running modulo amid;2025-01-23T07:41:08;2025-01-23T17:35:57;weekender bed;whereas outfielder;16083;per memorize than;before;zowie always towards;incredible furthermore;yuck;powerfully yearningly near;8014;27458;instead;upward hmph;under elastic;10201;boohoo now;colorfully pardon;2025-01-23T06:11:04;2025-01-23T08:20:27;astride tired
10;troubled request;geez hence acidly;though;yearly polished;2025-01-23T12:00:24;2025-01-23T12:44:37;yuck apprehend dress;outlook busily capon;30210;morbid indeed whereas;sympathetically following;if ha whenever;ha angrily acculturate;outrank numb woefully;boohoo;11425;3992;honestly;feisty illumine;accommodate;9793;below how;adorable backlight;2025-01-23T06:46:38;2025-01-23T14:36:27;kissingly forge yum
