id;code;name;status;created_at;updated_at;update_by
1;vouchsafe;active step-father;worth finally;2025-01-23T07:17:22;2025-01-24T02:21:20;monkey fledgling gah
2;whoever;cluster wherever;modulo cutting;2025-01-23T05:43:19;2025-01-24T00:49:57;aha yang
3;instance consequently;an;cement majestically;2025-01-24T01:14:25;2025-01-23T19:49:19;how
4;yum until;pleasing inasmuch;softly round worst;2025-01-23T05:23:02;2025-01-23T14:39:38;phew
5;player wherever;emery trillion by;within scow until;2025-01-23T11:21:00;2025-01-23T10:04:11;seaweed sweetly gee
6;kissingly what unnecessarily;whose in debtor;grasp subconscious;2025-01-23T20:29:42;2025-01-23T12:35:20;phew
7;which;junk yippee;noisily moose pro;2025-01-23T09:20:16;2025-01-23T15:50:11;as loudly
8;solidly;boo ouch blah;aha;2025-01-24T02:27:47;2025-01-23T22:59:31;off
9;under;woot vegetate kookily;unless than the;2025-01-23T07:06:31;2025-01-23T09:59:02;sociable pretty
10;gracefully ouch;leading duh;which slot;2025-01-23T13:11:42;2025-01-23T08:58:15;pro why onset
