id;name;code;sample_report_id;test_of_object;checker;status;frequency;report_type;report_type_id;created_at;updated_at;score_scale;update_by;plan_id;user
1;octagon gadzooks;conceive er phew;9428;while coaxingly;athwart;ouch;conviction;um;25012;2025-01-24T03:14:47;2025-01-24T03:38:17;signature for;with frock;ugh geez;worth
2;phew periodic;e-mail scornful;30190;finally;afterwards safe under;sans;secondary however among;strident;30435;2025-01-23T17:27:24;2025-01-23T18:21:49;healthily;ew and interestingly;stud ouch;supposing amidst
3;steward;neatly boo;24125;zowie wherever;sans;of per selfish;aha natural unless;appetizer;25879;2025-01-23T23:10:55;2025-01-23T05:02:51;phew;shyly;tamper excluding;cockpit robe because
4;ick modify;decimalize forebear;30229;whoever tart;powerfully ha masterpiece;axe;exploration eek quickly;vacantly how;19502;2025-01-23T17:51:33;2025-01-23T06:46:01;pro;ugh chops what;all shear;start boiling solidly
5;brr reprieve;frenzy careless;21675;for;unaccountably;lively;mortally;textbook among;26542;2025-01-24T02:24:37;2025-01-23T04:51:23;square linguist;regarding;like;yippee
6;consort in;reassuringly tank-top;23091;neatly gah;within major till;between;jockey;quiver likewise;17613;2025-01-23T11:02:11;2025-01-23T16:58:21;conventional;crafty blueberry;honestly;hence aggravating but
7;doubtfully within;scholarship salvage;32189;whether happily that;smoggy;first;inasmuch;zap sequestrate;16832;2025-01-24T02:57:44;2025-01-23T10:19:28;wetsuit sans;yum miter;chart;young speedily
8;though inquisitively roust;unless thrifty incidentally;19393;at;psst;brr;actualize trader meanwhile;up colorfully;10297;2025-01-23T18:59:00;2025-01-23T10:44:39;official bare;physically fit;honestly psst nor;despite vastly apud
9;rhapsodise since ouch;quirkily vanity;25720;at chicken wrongly;gadzooks because inwardly;promise at pull;wrest besides;vivaciously brr;26194;2025-01-23T10:43:41;2025-01-23T08:01:59;kindhearted burnish;than;since never;phooey physically whirr
10;thankful;colorfully yahoo always;13137;boastfully mostly;blah however;salty anenst;merrily alcohol truly;gah during;10041;2025-01-23T11:43:18;2025-01-23T09:51:46;loyally cheerful;underneath stiletto given;gee monthly certificate;hence unloosen
