id;name;status;created_at;updated_at;update_by;frequency;code;report_type;report_type_id
1;showcase;7318;2025-01-23T09:48:51;2025-01-23T04:19:58;toward even;forelimb famously unaccountably;pertinent;pro pish;27306
2;following;12049;2025-01-23T22:01:47;2025-01-23T15:24:02;brownie;developmental pamphlet apud;unwieldy discard;curly while phooey;1337
3;raw unless;26855;2025-01-23T22:33:31;2025-01-23T23:29:42;commonly what;psst neatly courageously;amid exemplify cater;crisp;10190
4;guess;955;2025-01-23T04:28:46;2025-01-24T00:46:54;brain;charity bulb;always;sheepishly micturate;10932
5;grandiose once clearing;6793;2025-01-23T05:26:23;2025-01-23T19:35:40;apology across;consequently;hasty politely socks;though whenever whose;2618
6;surface naturally;25243;2025-01-23T20:30:02;2025-01-24T03:54:39;watchful parenthesis till;weekly or abaft;sharply for;value;12219
7;minus;11612;2025-01-23T07:43:10;2025-01-24T03:30:49;inure resurface expensive;verbally specialty dreamily;muddy;ew which cannulate;16322
8;dolor coconut;5193;2025-01-24T03:32:39;2025-01-23T07:01:10;lovable untidy terribly;skim plywood;within;rearm until ick;21937
9;trifling glacier loose;13455;2025-01-23T11:52:31;2025-01-23T12:21:34;or;shocking;valuable;aside;9468
10;gadzooks neatly finally;28425;2025-01-24T00:40:40;2025-01-23T05:44:06;preclude;opposite meaningfully suspiciously;that woot opposite;as as perfectly;28872
