id;script_code;script_name;time_start;time_end;status;update_by;frequency;subject_of_assetment_plan;code_plan;name_plan;time_check;created_at;updated_at;participant
1;whether;contextualise oh;2025-01-23T15:52:11;2025-01-23T16:49:41;frog;letter;failing confirmation;indeed unlike doom;saxophone instead vacantly;pottery obvious;2025-01-24T02:54:27;2025-01-23T04:49:33;2025-01-23T20:58:21;now order
2;hop answer;confused;2025-01-23T20:46:56;2025-01-23T05:52:44;flounce supposing mysteriously;backfill bush;dental;whose drat dusk;however;unplug upon giving;2025-01-23T14:36:56;2025-01-23T16:59:00;2025-01-24T03:18:45;geez significance aw
3;attempt underwrite openly;carnival as;2025-01-23T10:22:38;2025-01-23T06:03:22;interestingly how fully;concerning times;occasion scented;gosh;until use;during;2025-01-23T22:26:22;2025-01-23T09:45:58;2025-01-23T07:30:50;technique
4;meh woot;gossip;2025-01-23T04:46:06;2025-01-23T12:12:20;ha silently railing;fervently analysis yummy;vitro amidst bridle;generously;woefully blah;considerate unaccountably;2025-01-23T17:41:58;2025-01-23T07:53:57;2025-01-23T20:38:30;pfft realistic ack
5;above pish oh;worst;2025-01-24T02:21:24;2025-01-23T23:24:34;angrily because however;amid thin hospitable;revolutionise burble gosh;indeed hm;unless classification;before;2025-01-23T11:11:36;2025-01-23T13:13:22;2025-01-23T22:00:58;to carefully
6;infiltrate sculptural;clerk lest;2025-01-23T06:15:15;2025-01-23T22:55:59;yahoo deeply minus;separate;hence snag;gird;inasmuch poorly;hype;2025-01-23T13:40:10;2025-01-23T04:10:42;2025-01-24T02:56:44;dream
7;grand about;insistent difficult consequently;2025-01-23T20:39:01;2025-01-23T09:52:52;mid anodize indeed;characterization huzzah upset;steam;ack dearest;bashfully opposite off;space;2025-01-23T19:58:18;2025-01-24T02:06:03;2025-01-24T01:57:12;triumphantly
8;meh or opposite;droopy politely;2025-01-23T10:04:53;2025-01-24T00:56:48;meanwhile boohoo;appliance scholarly secret;powder;lounge;however while;zany age metabolize;2025-01-23T20:21:38;2025-01-23T06:16:21;2025-01-23T13:04:07;sweltering break about
9;as technologist furthermore;harbour despite;2025-01-23T21:51:51;2025-01-23T22:36:09;mmm;elegantly;spec while easily;fooey viciously snow;whoever next likewise;thankful warm-up;2025-01-23T06:35:55;2025-01-23T19:30:14;2025-01-23T14:03:28;mature goodnight cribbage
10;frenetically;humble;2025-01-23T20:28:04;2025-01-23T07:46:16;sturdy considering trolley;whoa never gadzooks;update deficient;gee backcomb;inferior;in within;2025-01-23T21:18:45;2025-01-23T23:53:16;2025-01-23T19:23:39;stable high yahoo
