id;name;source;created_at;updated_at;create_by
1;reverberate pfft;discompose;2025-02-25T07:42:05;2025-02-25T01:53:01;duh tog which
2;yahoo celeriac mmm;lean;2025-02-25T04:52:36;2025-02-25T01:30:13;when
3;oddly openly rapid;oh;2025-02-24T19:34:47;2025-02-25T06:23:55;eradicate gadzooks
4;pike;permission barring;2025-02-25T09:09:09;2025-02-24T19:06:48;unless
5;now saw following;gadzooks;2025-02-25T08:32:48;2025-02-25T00:38:43;mmm yippee
6;mid;scrutinize fanlight;2025-02-24T18:19:50;2025-02-24T22:47:38;merrily
7;highly bug pish;license jaggedly;2025-02-24T14:20:47;2025-02-25T02:14:24;onto display construct
8;daring ugh;swelter horizon failing;2025-02-25T08:36:01;2025-02-24T19:10:50;for
9;researches outgoing;boohoo joyfully questionable;2025-02-25T08:18:11;2025-02-25T05:06:12;meh uh-huh torn
10;boohoo gah;gah vastly tooth;2025-02-24T14:17:11;2025-02-24T19:18:32;condition uplift equipment
