id;name;source;created_at;updated_at;data_type;update_by;field
1;mislay work;yet during counter;2025-01-23T15:37:56;2025-01-23T17:13:46;lacerate aluminum past;an;beating apprise
2;goldbrick interpretation tick;once;2025-01-23T06:19:16;2025-01-24T02:05:57;write counter-force;abaft alongside;distinct
3;ew heavily;spiritual;2025-01-23T04:55:24;2025-01-24T03:12:49;whose;eek;wrongly judge
4;beyond;intermesh;2025-01-23T23:48:51;2025-01-23T04:44:47;overload mortified astride;dignify;well finally
5;oof upon;following demanding legacy;2025-01-23T09:15:00;2025-01-23T22:38:14;fountain;lever;ha gadzooks
6;bah clear-cut quietly;ouch er;2025-01-24T03:03:24;2025-01-23T15:38:08;demonize indeed pro;so quarterly;large or
7;brook;mid;2025-01-23T06:35:07;2025-01-23T17:18:15;ha comb darkness;excepting manicure if;prize before pew
8;ew mastication;except;2025-01-24T01:15:13;2025-01-23T21:42:52;unlucky throughout;wage;deceivingly
9;optimistically;afore till super;2025-01-23T11:14:04;2025-01-23T19:09:23;farm belt place;daintily up;because
10;kill querulous bad;ensure trivialize impostor;2025-01-24T04:01:36;2025-01-24T01:00:12;out tensely as;about upon tightly;hour tattle
